{
  "precision": 0.7392055267702936,
  "recall": 0.27488760436737314,
  "fbeta": 0.4007490636704119
}