{
  "name": "LogisticRegression",
  "precision": 0.7664884135472371,
  "recall": 0.2665840049597024,
  "fbeta": 0.39558417663293466
}