{
  "name": "RainForest",
  "precision": 0.8173345759552656,
  "recall": 0.5529634300126104,
  "fbeta": 0.6596464836404664
}