{
    "precision": 0.6992,
    "recall": 0.2839506172839506,
    "fbeta": 0.4038817005545287
}